200,371,428,207,954,986,1.539,1.601,3.109,2.111,1.609,1.582,2.238,645,660,2.273,3.100,2.999,5.078,4.797,5.783,5.071,4.328,5.550,6.711,6.415,7.104,8.080,6.791,3.857,1.307,2.604,5.121,7.547,8.537,8.507,6.692,6.097,4.943,2.744,510,2.834,2.825,4.256,2.641,1.386,1.051,1.343,383,324,232,27,65,159,72,167,180,84,90,32,R
453,523,843,689,1.183,2.583,2.156,3.481,3.337,2.872,4.918,6.552,6.919,7.797,7.464,9.444,1.2000,8.874,8.024,7.818,5.212,4.052,3.957,3.914,3.250,3.200,3.271,2.767,4.423,2.028,3.788,2.947,1.984,2.341,1.306,4.182,3.835,1.057,1.840,1.970,1.674,583,1.401,1.628,621,203,530,742,409,61,125,84,89,48,94,191,140,49,52,44,R
262,582,1.099,1.083,974,2.280,2.431,3.771,5.598,6.194,6.333,7.060,5.544,5.320,6.479,6.931,6.759,7.551,8.929,8.619,7.974,6.737,4.293,3.648,5.331,2.413,5.070,8.533,6.036,8.514,8.512,5.045,1.862,2.709,4.232,3.043,6.116,6.756,5.375,4.719,4.647,2.587,2.129,2.222,2.111,176,1.348,744,130,106,33,232,166,95,180,244,316,164,95,78,R
100,171,623,205,205,368,1.098,1.276,598,1.264,881,1.992,184,2.261,1.729,2.131,693,2.281,4.060,3.973,2.741,3.690,5.556,4.846,3.140,5.334,5.256,2.520,2.090,3.559,6.260,7.340,6.120,3.497,3.953,3.012,5.408,8.814,9.857,9.167,6.121,5.006,3.210,3.202,4.295,3.654,2.655,1.576,681,294,241,121,36,150,85,73,50,44,40,117,R
762,666,481,394,590,649,1.209,2.467,3.564,4.459,4.152,3.952,4.256,4.135,4.528,5.326,7.306,6.193,2.032,4.636,4.148,4.292,5.730,5.399,3.161,2.285,6.995,1.2000,7.262,4.724,5.103,5.459,2.881,981,1.951,4.181,4.604,3.217,2.828,2.430,1.979,2.444,1.847,841,692,528,357,85,230,46,156,31,54,105,110,15,72,48,107,94,R
286,453,277,174,384,990,1.201,1.833,2.105,3.039,2.988,4.250,6.343,8.198,1.2000,9.988,9.508,9.025,7.234,5.122,2.074,3.985,5.890,2.872,2.043,5.782,5.389,3.750,3.411,5.067,5.580,4.778,3.299,2.198,1.407,2.856,3.807,4.158,4.054,3.296,2.707,2.650,723,1.238,1.192,1.089,623,494,264,81,104,45,14,38,13,89,57,27,51,62,R
317,956,1.321,1.408,1.674,1.710,731,1.401,2.083,3.513,1.786,658,513,3.752,5.419,5.440,5.150,4.262,2.024,4.233,7.723,9.735,9.390,5.559,5.268,6.826,5.713,5.429,2.177,2.149,5.811,6.323,2.965,1.873,2.969,5.163,6.153,4.283,5.479,6.133,5.017,2.377,1.957,1.749,1.304,597,1.124,1.047,507,159,195,201,248,131,70,138,92,143,36,103,R
519,548,842,319,1.158,922,1.027,613,1.465,2.838,2.802,3.086,2.657,3.801,5.626,4.376,2.617,1.199,6.676,9.402,7.832,5.352,6.809,9.174,7.613,8.220,8.872,6.091,2.967,1.103,1.318,624,990,4.006,3.666,1.050,1.915,3.930,4.288,2.546,1.151,2.196,1.879,1.437,2.146,2.360,1.125,254,285,178,52,81,120,45,121,97,85,47,48,53,R
223,375,484,475,647,591,753,98,684,1.487,1.156,1.654,3.833,3.598,1.713,1.136,349,3.796,7.401,9.925,9.802,8.890,6.712,4.286,3.374,7.366,9.611,7.353,4.856,1.594,3.007,4.096,3.170,3.305,3.408,2.186,2.463,2.726,1.680,2.792,2.558,1.740,2.121,1.099,985,1.271,1.459,1.164,777,439,61,145,128,145,58,49,65,93,59,22,R
164,173,347,70,187,671,1.056,697,962,251,801,1.056,1.266,890,198,1.133,2.826,3.234,3.238,4.333,6.068,7.652,9.203,9.719,9.207,7.545,8.289,8.907,7.309,6.896,5.829,4.935,3.101,306,244,1.108,1.594,1.371,696,452,620,1.421,1.597,1.384,372,688,867,513,92,198,118,90,223,179,84,68,32,35,56,40,R
39,63,152,336,310,284,396,272,323,452,492,996,1.424,1.194,628,907,1.177,1.429,1.223,1.104,1.847,3.715,4.382,5.707,6.654,7.476,7.654,8.555,9.720,9.221,7.502,7.209,7.757,6.055,5.021,4.499,3.947,4.281,4.427,3.749,1.972,511,793,1.269,1.533,690,402,534,228,73,62,62,120,52,56,93,42,3,53,36,R
123,309,169,313,358,102,182,579,1.122,835,548,847,2.026,2.557,1.870,2.032,1.463,2.849,5.824,7.728,7.852,8.515,5.312,3.653,5.973,8.275,1.2000,8.673,6.301,4.591,3.940,2.576,2.817,2.641,2.757,2.698,3.994,4.576,3.940,2.522,1.782,1.354,516,337,894,861,872,445,134,217,188,133,265,224,74,118,26,92,9,44,R
79,86,55,250,344,546,528,958,1.009,1.240,1.097,1.215,1.874,3.383,3.227,2.723,3.943,6.432,7.271,8.673,9.674,9.847,9.480,8.036,6.833,5.136,3.090,832,4.019,2.344,1.905,1.235,1.717,2.351,2.489,3.649,3.382,1.589,989,1.089,1.043,839,1.391,819,678,663,1.202,692,152,266,174,176,127,88,98,19,59,58,59,32,R
90,62,253,489,1.197,1.589,1.392,987,955,1.895,1.896,2.547,4.073,2.988,2.901,5.326,4.022,1.571,3.024,3.907,3.542,4.438,6.414,4.601,6.009,8.690,8.345,7.669,5.081,4.620,5.380,5.375,3.844,3.601,7.402,7.761,3.858,667,3.684,6.114,3.510,2.312,2.195,3.051,1.937,1.570,479,538,146,68,187,59,95,194,80,152,158,53,189,102,R
124,433,604,449,597,355,531,343,1.052,2.120,1.640,1.901,3.026,2.019,592,2.390,3.657,3.809,5.929,6.299,5.801,4.574,4.449,3.691,6.446,8.940,8.978,4.980,3.333,2.350,1.553,3.666,4.340,3.082,3.024,4.109,5.501,4.129,5.499,5.018,3.132,2.802,2.351,2.298,1.155,724,621,318,450,167,78,83,57,174,188,54,114,196,147,62,R
298,615,650,921,1.615,2.294,2.176,2.033,1.459,852,2.476,3.645,2.777,2.826,3.237,4.335,5.638,4.555,4.348,6.433,3.932,1.989,3.540,9.165,9.371,4.620,2.771,6.613,8.028,4.200,5.192,6.962,5.792,8.889,7.863,7.133,7.615,4.401,3.009,3.163,2.809,2.898,526,1.867,1.553,1.633,1.252,748,452,64,154,31,153,71,212,76,152,49,200,73,R
352,116,191,469,737,1.185,1.683,1.541,1.466,2.912,2.328,2.237,2.470,1.560,3.491,3.308,2.299,2.203,2.493,4.128,3.158,6.191,5.854,3.395,2.561,5.599,8.145,6.941,6.985,8.660,5.930,3.664,6.750,8.697,7.837,7.552,5.789,4.713,1.252,6.087,7.322,5.977,3.431,1.803,2.378,3.424,2.303,689,216,469,426,346,158,154,109,48,95,15,73,67,R
192,607,378,774,1.388,809,568,219,1.037,1.186,1.237,1.601,3.520,4.479,3.769,5.761,6.426,6.790,7.157,5.466,5.399,6.362,7.849,7.756,5.780,4.862,4.181,2.457,716,613,1.816,4.493,5.976,3.785,2.495,5.771,8.852,8.409,3.570,3.133,6.096,6.378,2.709,1.419,1.260,1.288,790,829,520,216,360,331,131,120,108,24,45,37,112,75,R
270,92,145,278,412,757,1.026,1.138,794,1.520,1.675,1.370,1.361,1.345,2.144,5.354,6.830,5.600,3.093,3.226,4.430,5.573,5.782,6.173,8.132,9.819,9.823,9.166,7.423,7.736,8.473,7.352,6.671,6.083,6.239,5.972,5.715,5.242,2.924,1.536,2.003,2.031,2.207,1.778,1.353,1.373,749,472,325,179,45,84,10,18,68,39,120,132,70,88,R
126,149,641,1.732,2.565,2.559,2.947,4.110,4.983,5.920,5.832,5.419,5.472,5.314,4.981,6.985,8.292,7.839,8.215,9.363,1.2000,9.224,7.839,5.470,4.562,5.922,5.448,3.971,882,2.385,2.005,587,2.544,2.009,329,1.547,1.212,2.446,3.171,3.195,3.051,836,1.266,1.381,1.136,516,73,278,372,121,153,92,35,98,121,6,181,94,116,63,R
473,509,819,1.252,1.783,3.070,3.008,2.362,3.830,3.759,3.021,2.909,2.301,1.411,1.582,2.430,4.474,5.964,6.744,7.969,8.319,7.813,8.626,7.369,4.122,2.596,3.392,3.788,4.488,6.281,7.449,7.328,7.704,7.870,6.048,5.860,6.385,7.279,6.286,5.316,4.069,1.791,1.625,2.527,1.903,1.643,604,209,436,175,107,193,118,64,42,54,49,82,28,27,R
664,575,842,372,458,771,771,1.130,2.353,1.838,2.869,4.129,3.647,1.984,2.840,4.039,5.837,6.792,6.086,4.858,3.246,2.013,2.082,1.686,2.484,2.736,2.984,4.655,6.990,7.474,7.956,7.981,6.715,6.942,7.440,8.169,8.912,1.2000,8.753,7.061,6.803,5.898,4.618,3.639,1.492,1.216,1.306,1.198,578,235,135,141,190,43,36,26,24,162,109,79,R
99,484,299,297,652,1.077,2.363,2.385,75,1.882,1.456,1.892,3.176,1.340,2.169,2.458,2.589,2.786,2.298,656,1.441,1.179,1.668,1.783,2.476,2.570,1.036,5.356,7.124,6.291,4.756,6.015,7.208,6.234,5.725,7.523,8.712,9.252,9.709,9.297,8.995,7.911,5.600,2.838,4.407,5.507,4.331,2.905,1.981,779,396,173,149,115,202,139,29,160,106,134,R
115,150,136,76,211,1.058,1.023,440,931,734,740,622,1.055,1.183,1.721,2.584,3.232,3.817,4.243,4.217,4.449,4.075,3.306,4.012,4.466,5.218,7.552,9.503,1.2000,9.084,8.283,7.571,7.262,6.152,5.680,5.757,5.324,3.672,1.669,866,646,1.891,2.683,2.887,2.341,1.668,1.015,1.195,704,167,107,91,16,84,64,26,29,37,70,41,R
293,644,390,173,476,816,993,315,736,860,414,472,835,938,1.466,809,1.179,2.179,3.326,3.258,2.111,2.302,3.361,4.259,4.609,2.606,874,2.862,5.606,8.344,8.096,7.250,8.048,9.435,1.2000,8.960,5.516,3.037,2.338,2.382,3.318,3.821,1.575,2.228,1.582,1.433,1.634,1.133,567,133,170,35,52,83,78,75,105,160,95,11,R
201,26,138,62,133,151,541,210,505,1.097,841,942,1.204,420,31,162,624,2.127,3.436,3.813,3.825,4.764,6.313,7.523,8.675,8.788,7.901,8.357,9.631,9.619,9.236,8.903,9.708,9.647,7.892,5.307,2.718,1.953,1.374,3.105,3.790,4.105,3.355,2.998,2.748,2.024,1.043,453,337,122,72,108,70,63,30,11,7,24,57,44,R
151,320,599,1.050,1.163,1.734,1.679,1.119,889,1.205,847,1.518,2.305,2.793,3.404,4.527,6.950,8.807,9.154,7.542,6.736,7.146,8.335,7.701,6.993,6.543,5.040,4.926,4.992,4.161,1.631,404,637,2.962,3.609,1.866,476,1.497,2.405,1.980,3.175,2.379,1.716,1.559,1.556,422,493,476,219,59,86,61,15,84,128,54,11,19,23,62,R
177,300,288,394,630,526,688,633,624,613,1.680,3.476,4.561,5.188,6.308,7.201,5.153,3.818,2.644,3.345,4.865,6.628,7.389,9.213,1.2000,7.750,5.593,6.172,8.635,6.592,4.770,4.983,3.330,3.076,2.876,2.226,794,603,1.049,606,1.530,983,1.643,1.901,1.107,1.917,1.467,392,356,270,168,102,122,44,75,124,99,57,32,19,R
100,275,190,371,416,201,314,651,1.896,2.668,3.376,3.282,2.432,1.268,1.278,4.441,6.795,7.051,7.966,9.401,9.857,8.193,5.789,6.394,7.043,6.875,4.081,1.811,2.064,3.917,3.791,2.042,2.227,3.341,3.984,5.077,5.534,3.352,2.723,2.278,2.044,1.986,835,908,1.380,1.948,1.211,843,589,247,118,88,104,36,88,47,117,20,91,58,R
189,308,197,622,80,789,1.440,1.451,1.789,2.522,2.607,3.710,3.906,2.672,2.716,4.183,6.988,5.733,2.226,2.631,7.473,7.263,3.393,2.824,6.053,5.897,4.967,8.616,8.339,4.084,2.268,1.745,507,1.588,3.040,1.369,1.605,2.061,734,202,1.638,1.583,1.830,1.886,1.008,663,183,404,108,143,91,38,96,142,190,140,99,92,52,75,R
240,218,324,569,330,513,897,713,569,389,1.934,2.434,2.906,2.606,3.811,4.997,3.015,3.655,6.791,7.307,5.053,4.441,6.987,8.133,7.781,8.943,8.929,8.913,8.610,8.063,5.540,2.446,3.459,1.615,2.467,5.564,4.681,979,1.582,751,3.321,3.745,2.666,1.078,1.418,1.687,738,634,144,226,61,162,146,93,112,94,54,19,66,23,R
84,153,291,432,951,752,414,259,692,1.753,1.970,1.167,1.683,814,2.179,5.121,7.231,7.776,6.222,3.501,3.733,2.622,3.776,7.361,8.673,8.223,7.772,7.862,5.652,3.635,3.534,3.865,3.370,1.693,2.627,3.195,1.388,1.048,1.681,1.910,1.174,933,856,951,986,956,426,407,106,179,56,236,114,136,117,60,58,31,72,45,R
195,213,58,190,319,571,1.004,668,691,242,728,639,3.002,3.854,4.767,4.602,3.175,4.160,6.428,1.2000,8.631,5.212,3.156,5.952,7.732,6.042,4.375,5.487,4.720,6.235,3.851,1.590,3.891,5.294,3.504,4.480,4.041,5.031,6.475,5.493,3.548,2.028,1.882,845,1.315,1.590,562,617,343,370,261,157,74,271,203,89,95,95,21,53,R
442,477,49,581,278,678,1.664,1.490,974,1.268,1.109,2.375,2.007,2.140,1.109,2.036,2.468,6.682,8.345,8.252,8.017,8.982,9.664,8.515,6.626,3.241,2.054,5.669,5.726,4.877,7.532,7.600,5.185,4.120,5.560,5.569,1.336,3.831,4.611,4.330,2.556,1.466,3.489,2.659,944,1.370,1.344,416,719,637,210,204,216,135,55,73,80,105,59,105,R
311,491,692,831,79,200,981,1.016,2.025,767,1.767,2.555,2.812,2.722,3.227,3.463,5.395,7.911,9.064,8.701,7.672,2.957,4.148,6.043,3.178,3.482,6.158,8.049,6.289,4.999,5.830,6.660,4.124,1.260,2.487,4.676,5.382,3.150,2.139,1.848,1.679,2.328,1.015,713,615,779,761,845,592,68,89,87,32,130,188,101,229,182,46,38,R
206,132,533,569,647,1.432,1.344,2.041,1.571,1.573,2.327,1.785,1.507,1.916,2.061,2.307,2.360,1.299,3.812,5.858,4.497,4.876,1.2000,8.675,4.718,5.341,6.197,7.143,5.605,3.728,2.481,1.921,1.386,3.325,2.883,3.228,2.607,2.040,2.396,1.319,683,334,716,976,787,522,500,231,221,144,307,386,147,18,100,96,77,180,109,70,R
94,166,398,359,681,706,1.020,893,381,1.328,1.303,273,644,712,1.204,717,1.224,2.349,3.684,3.918,4.925,8.793,9.606,8.786,6.905,6.937,5.674,6.540,7.802,7.575,5.836,6.316,8.108,9.039,8.647,6.695,4.027,2.370,2.685,3.662,3.267,2.200,2.996,2.205,1.163,635,465,422,174,172,134,141,191,145,65,129,217,87,77,122,R
333,221,270,481,679,981,843,1.172,759,920,1.475,522,1.119,970,1.174,1.678,1.642,1.205,494,1.544,3.485,6.146,9.146,9.364,8.677,8.772,8.553,8.833,1.2000,8.296,6.601,5.499,5.716,6.859,6.825,5.142,2.750,1.358,1.551,2.646,1.994,1.883,2.746,1.651,575,695,598,456,21,68,36,22,32,60,54,63,143,132,51,41,R
123,22,196,206,180,492,33,398,791,475,1.152,520,1.192,1.943,1.840,2.077,1.956,1.630,1.218,1.017,1.354,3.157,4.645,5.906,6.776,8.119,8.594,9.228,8.387,7.238,6.292,5.181,4.629,5.255,5.147,3.929,1.279,411,859,1.131,1.306,1.757,2.648,1.955,656,580,319,301,272,74,149,125,134,26,38,18,113,58,47,71,R
91,213,206,505,657,795,970,872,743,837,1.579,898,309,1.856,2.969,2.032,1.264,1.655,1.661,2.091,2.310,4.460,6.634,6.933,7.663,8.206,7.049,7.560,7.466,6.387,4.846,3.328,5.356,8.741,8.573,6.718,3.446,3.150,2.702,2.598,2.742,3.594,4.382,2.460,758,187,797,748,367,155,300,112,112,102,26,97,98,43,71,108,R
68,232,513,444,249,637,422,1.130,1.911,2.475,1.606,922,2.398,3.220,4.295,2.652,666,1.442,2.373,2.595,2.493,3.903,6.384,8.037,7.026,6.874,6.997,8.558,1.2000,9.621,8.996,7.575,6.902,5.686,4.396,4.546,2.959,1.587,1.681,842,1.173,1.754,2.728,1.705,194,213,354,420,93,204,199,173,163,55,45,68,41,52,194,105,R
93,185,56,64,260,458,470,57,425,640,888,1.599,1.541,2.768,2.176,2.799,3.491,2.824,2.479,3.005,4.300,4.684,4.520,5.026,6.217,6.571,6.632,7.321,8.534,1.2000,8.448,6.354,6.308,6.211,6.976,5.868,4.889,3.683,2.043,1.469,2.220,1.449,1.490,1.211,1.144,791,365,152,85,120,22,69,64,129,114,54,89,50,58,25,R
211,319,415,286,121,438,1.299,1.390,695,568,869,1.935,1.478,1.871,1.994,3.283,6.861,5.814,2.500,1.734,3.363,5.588,6.592,7.012,8.099,8.901,8.745,7.887,8.725,9.376,8.920,7.508,6.832,7.610,9.017,1.2000,9.123,7.388,5.915,4.057,3.019,2.331,2.931,2.298,2.391,1.910,1.096,300,171,383,53,90,42,153,106,20,105,49,70,80,R
93,269,217,339,305,1.172,1.450,638,740,1.360,2.132,3.738,3.738,2.673,2.333,5.367,7.312,7.659,6.271,4.395,4.330,4.326,5.544,7.360,8.589,8.989,9.420,9.401,9.379,8.575,7.284,6.700,7.547,8.773,9.919,9.922,9.419,8.388,6.605,4.816,2.917,1.769,1.136,701,1.578,1.938,1.106,693,176,205,309,212,91,56,86,92,70,116,60,110,R
257,447,388,239,1.315,1.323,1.608,2.145,847,561,891,861,1.531,1.524,1.849,2.871,2.009,2.748,5.017,2.172,4.978,5.265,3.647,5.768,5.161,5.715,4.006,3.650,6.685,8.659,8.052,4.082,3.379,5.092,6.776,7.313,6.062,7.040,8.849,8.979,7.751,7.247,7.733,7.762,6.009,4.514,3.096,1.859,956,206,206,96,153,96,131,198,25,199,255,180,R
408,653,397,604,496,1.817,1.178,1.024,583,2.176,2.459,3.332,3.087,2.613,3.232,3.731,4.203,5.364,7.062,8.196,8.835,8.299,7.609,7.605,8.367,8.905,7.652,5.897,3.037,823,2.787,7.241,8.032,8.050,7.676,7.468,6.253,1.730,2.916,5.003,5.220,4.824,4.004,3.877,1.651,442,663,418,475,235,66,62,129,184,69,198,199,102,70,55,R
308,339,202,889,1.570,1.750,920,1.353,1.593,2.795,3.336,2.940,1.608,3.335,4.985,7.295,7.350,8.253,8.793,9.657,1.2000,8.707,6.471,5.973,8.218,7.755,6.111,4.195,2.990,1.354,2.438,5.624,5.555,6.963,7.298,7.022,5.468,1.421,4.738,6.410,4.375,3.178,2.377,2.808,1.374,1.136,1.034,688,422,117,70,167,127,138,90,51,29,122,56,20,R
373,281,232,225,179,733,841,1.031,993,802,1.564,2.565,2.624,1.179,597,1.563,2.241,3.586,1.792,3.256,6.079,6.988,8.391,8.553,7.710,6.215,5.736,4.402,4.056,4.411,5.130,5.965,7.272,6.539,5.902,5.393,4.897,4.081,4.145,6.003,7.196,6.633,6.287,4.087,3.212,2.518,1.482,988,317,269,66,8,45,24,6,73,96,54,85,60,R
190,38,642,452,333,690,901,1.454,740,349,1.459,3.473,3.197,2.823,166,572,2.164,4.563,3.819,5.627,6.484,7.235,8.242,8.766,1.2000,8.582,6.563,5.087,4.817,4.530,4.521,4.532,5.385,5.308,5.356,5.271,4.260,2.436,1.205,3.845,4.107,5.067,4.216,2.479,1.586,1.124,651,789,325,70,26,93,118,112,94,140,72,22,55,122,R
119,582,623,600,1.397,1.883,1.422,1.447,487,864,2.143,3.720,2.665,2.113,1.103,1.136,1.934,4.142,3.279,6.222,7.468,7.676,7.867,8.253,1.2000,9.481,7.539,6.008,5.437,5.387,5.619,5.141,6.084,5.621,5.956,6.078,5.025,2.829,477,2.811,3.422,5.147,4.372,2.470,1.708,1.343,838,755,304,74,69,25,103,74,123,69,76,73,30,138,R
353,713,326,272,370,792,1.083,687,298,880,1.078,979,2.250,2.819,2.099,1.240,1.699,939,1.091,1.410,1.268,3.151,1.430,2.264,5.756,7.876,7.158,5.998,5.583,6.295,7.659,8.940,8.436,6.807,8.380,1.2000,9.497,7.866,5.647,3.480,2.585,2.304,2.948,3.363,3.017,2.193,1.316,1.078,559,35,98,163,242,43,202,108,37,96,93,53,R
131,68,308,311,85,767,771,640,726,901,750,844,1.226,1.619,2.317,2.934,3.526,3.657,3.221,3.093,4.084,4.285,4.663,5.956,6.948,8.386,8.875,6.404,3.308,3.425,4.920,4.592,3.034,4.366,5.175,5.122,4.746,4.902,4.603,4.460,4.196,2.873,2.296,949,95,527,383,107,108,77,109,62,28,40,75,39,53,13,52,23,R
87,46,81,230,586,682,993,717,576,818,1.315,1.862,2.789,2.579,2.240,2.568,2.933,2.991,3.924,4.691,5.665,6.464,6.774,7.577,8.856,9.419,1.2000,8.564,6.790,5.587,4.147,2.946,2.025,688,1.171,2.157,2.216,2.776,2.309,1.444,1.513,1.745,1.756,1.424,908,138,469,480,159,45,15,52,38,79,114,50,30,64,58,30,R
293,378,257,62,130,612,895,1.107,973,751,528,1.209,1.763,2.039,2.727,2.321,2.676,2.934,3.295,4.910,5.402,6.257,6.826,7.527,8.504,8.938,9.928,9.134,7.080,6.318,6.126,4.638,2.797,1.721,1.665,2.561,2.735,3.209,2.724,1.880,1.552,2.522,2.121,1.801,1.473,681,1.091,919,397,93,76,65,72,108,51,102,41,55,50,87,R
132,80,188,141,436,668,609,131,899,922,1.445,1.475,2.087,2.558,2.603,1.985,2.394,3.134,4.077,4.529,4.893,5.666,6.234,6.741,8.282,8.823,9.196,8.965,7.549,6.736,6.463,5.007,3.663,2.298,1.362,2.123,2.395,2.673,2.865,2.060,1.659,2.633,2.552,1.696,1.467,1.286,926,716,325,258,136,44,28,21,22,48,138,140,28,64,R
201,116,123,245,547,208,891,836,1.335,1.199,1.742,1.387,2.042,2.580,2.616,2.097,2.532,3.213,4.327,4.760,5.328,6.057,6.696,7.476,8.930,9.405,1.2000,9.785,8.473,7.639,6.701,4.989,3.718,2.196,1.416,2.680,2.630,3.104,3.392,2.123,1.170,2.655,2.203,1.541,1.464,1.044,1.225,745,490,224,32,76,45,56,75,37,45,29,8,18,R
152,102,113,263,97,391,857,915,949,1.504,1.911,2.115,2.249,2.573,1.701,2.023,2.538,3.417,4.026,4.553,5.525,5.991,5.854,7.114,9.500,9.858,1.2000,9.578,8.642,7.128,5.893,4.323,2.897,1.744,770,2.297,2.459,3.101,3.312,2.220,871,2.064,1.808,1.624,1.120,815,1.117,950,412,120,48,49,41,36,13,46,37,11,34,33,R
216,124,174,152,608,1.026,1.139,877,1.160,866,1.564,780,997,915,662,1.134,1.740,2.573,3.294,3.910,5.438,6.115,7.022,7.610,7.973,9.105,8.807,7.949,7.990,7.180,6.407,6.312,5.929,6.168,6.498,6.764,6.253,5.117,3.890,3.273,2.509,1.530,1.323,1.657,1.215,978,452,273,179,92,18,52,49,96,134,122,47,18,6,23,R
225,19,75,97,445,906,889,655,1.624,1.452,1.442,948,618,1.641,708,844,2.590,2.679,3.094,4.678,5.958,7.245,8.773,9.214,9.282,9.942,1.2000,9.071,8.545,7.293,6.499,6.071,5.588,5.967,6.275,5.459,4.786,3.965,2.087,1.651,1.836,652,758,486,353,297,241,379,119,73,51,34,129,100,44,57,30,35,21,27,R
125,152,218,175,362,696,873,616,1.252,1.302,888,500,628,1.274,801,742,2.048,2.950,3.193,4.567,5.959,7.101,8.225,8.425,9.065,9.802,1.2000,8.752,7.583,6.616,5.786,5.128,4.776,4.994,5.197,5.071,4.577,3.505,1.845,1.890,1.967,1.041,550,492,622,505,247,219,102,47,19,41,74,30,50,48,17,41,86,58,R
130,6,88,456,525,778,931,941,1.711,1.483,1.532,1.100,890,1.236,1.197,1.145,2.137,2.838,3.640,5.430,6.673,7.979,9.273,9.027,9.192,1.2000,9.821,9.092,8.184,6.962,5.900,5.447,5.142,5.389,5.531,5.318,4.826,3.790,1.831,1.750,1.679,674,609,375,533,278,179,114,73,116,92,78,41,13,11,45,39,22,23,16,R
135,45,51,289,561,929,1.031,883,1.596,1.908,1.576,1.112,1.197,1.174,1.415,2.215,2.658,2.713,3.862,5.717,6.797,8.747,1.2000,8.948,8.420,9.174,9.307,9.050,8.228,6.986,5.831,4.924,4.563,5.159,5.670,5.284,5.144,3.742,2.282,1.193,1.088,431,1.070,583,46,473,408,290,192,94,25,37,84,102,96,24,37,28,30,30,R
86,215,242,445,667,771,499,906,1.229,1.185,775,1.101,1.042,853,456,1.304,2.690,2.947,3.669,4.948,6.275,8.162,9.237,8.710,8.052,8.756,1.2000,9.858,9.427,8.114,6.987,6.810,6.591,6.954,7.290,6.680,5.917,4.899,3.439,2.366,1.716,1.013,766,845,260,333,205,309,101,95,47,72,54,22,16,29,58,50,24,30,R
67,96,24,58,197,618,432,951,836,1.180,978,909,656,593,832,1.297,2.038,3.811,4.451,5.224,5.911,6.566,6.308,5.998,4.958,5.647,6.906,8.513,1.2000,9.166,7.676,6.177,5.468,5.516,5.463,5.515,4.561,3.466,3.384,2.853,2.502,1.641,1.605,1.491,1.326,687,602,561,306,154,29,48,23,20,40,19,34,34,51,31,R
71,103,135,494,253,806,701,738,117,898,289,1.554,1.437,1.035,1.424,1.227,892,2.047,827,1.524,3.031,1.608,667,1.426,395,1.653,3.399,4.855,5.206,5.508,6.102,5.989,6.764,8.897,1.2000,9.517,8.459,7.073,6.697,6.326,5.102,4.161,2.816,1.705,1.421,971,879,863,355,233,252,43,48,76,124,105,54,32,73,63,R
176,172,501,285,262,351,362,535,258,474,526,1.854,1.040,948,912,1.688,1.568,375,1.316,2.086,1.976,946,1.965,1.242,616,2.141,4.642,6.471,6.340,6.107,7.046,5.376,5.934,8.443,9.481,9.705,7.766,6.313,5.760,6.148,5.450,4.813,3.406,1.916,1.134,640,911,980,563,187,88,42,175,171,79,50,112,179,294,63,R
265,440,137,84,305,438,341,780,844,779,327,2.060,1.908,1.065,1.457,2.232,2.070,1.105,1.078,1.165,2.224,689,2.060,2.384,904,2.278,5.872,8.457,8.467,7.679,8.055,6.260,6.545,8.747,9.885,9.348,6.960,5.733,5.872,6.663,5.651,5.247,3.684,1.997,1.512,508,931,982,524,188,100,38,187,156,68,97,73,81,86,95,R
368,403,317,293,820,1.342,1.161,663,155,506,906,2.545,1.464,1.272,1.223,1.669,1.424,1.285,1.857,1.136,2.069,219,2.400,2.547,240,1.923,4.753,7.003,6.825,6.443,7.063,5.373,6.601,8.708,9.518,9.605,7.712,6.772,6.431,6.720,6.035,5.155,3.802,2.278,1.522,801,804,752,566,175,58,91,160,160,81,70,135,67,78,68,R
195,142,181,406,391,249,892,973,840,1.191,1.522,1.322,1.434,1.244,653,890,1.226,1.846,3.880,3.658,2.297,2.610,4.193,5.848,5.643,5.448,4.772,6.897,9.797,1.2000,9.546,8.835,7.662,6.547,5.447,4.593,4.679,1.987,699,1.493,1.713,1.654,2.600,3.846,3.754,2.414,1.077,224,155,187,125,28,67,120,12,22,58,42,67,12,R
216,215,273,139,357,785,906,908,1.151,973,1.203,1.102,1.192,1.762,2.390,2.138,1.929,1.765,746,1.265,2.005,1.571,2.605,5.386,8.440,1.2000,8.684,6.742,5.537,4.638,3.609,2.055,1.620,2.092,3.100,2.344,1.058,383,528,1.291,2.241,1.915,1.587,942,840,670,342,469,357,136,82,140,44,52,73,21,47,24,9,17,R
65,122,68,108,217,284,527,575,1.054,1.109,937,827,920,911,1.487,1.666,1.268,1.374,1.095,1.286,2.146,2.889,4.238,6.168,8.167,9.622,8.280,5.816,4.667,3.539,2.727,1.410,1.863,2.176,2.360,1.725,589,621,1.847,2.452,2.984,3.041,2.275,1.480,1.102,1.178,608,333,276,100,23,69,25,27,52,36,26,36,6,35,R
36,78,92,387,530,1.197,1.243,1.026,1.239,888,937,1.245,1.599,1.542,1.846,1.732,1.477,1.748,1.455,1.579,2.257,1.975,3.368,5.828,8.505,1.2000,8.457,6.624,5.564,3.925,3.233,2.054,1.920,2.227,3.147,2.268,795,748,1.166,1.969,2.619,2.507,1.983,948,931,965,381,435,336,55,79,119,55,35,36,4,18,49,24,16,R
208,186,131,211,610,613,612,506,989,1.093,1.063,1.179,1.291,1.591,1.680,1.918,1.615,1.647,1.397,1.426,2.429,2.816,4.290,6.443,9.061,1.2000,8.087,6.119,5.260,3.677,2.746,1.020,1.339,1.582,1.952,1.787,429,1.096,1.762,2.481,3.150,2.920,1.902,696,758,910,441,244,265,95,140,74,63,81,87,44,28,19,49,23,R
139,222,89,108,215,136,659,954,786,1.015,1.261,828,493,848,1.514,1.396,1.066,1.923,2.991,3.247,3.797,5.658,7.483,8.757,9.048,7.511,6.858,7.043,5.864,3.773,2.206,2.628,2.672,2.907,1.982,2.288,3.186,2.871,2.921,2.806,2.682,2.112,1.513,1.789,1.850,1.717,898,656,445,110,24,62,72,113,12,22,25,59,39,48,R
109,93,121,378,679,863,1.004,664,941,1.036,972,501,1.546,3.404,4.804,6.570,7.738,7.827,8.152,8.129,8.297,8.535,8.870,8.894,8.980,9.667,1.2000,9.134,6.762,4.659,2.895,2.959,1.746,2.112,2.569,2.276,2.149,1.601,371,117,488,288,597,431,369,25,327,257,182,108,124,77,23,117,53,77,76,56,55,39,R
202,104,325,239,807,1.529,1.154,608,1.317,1.370,843,269,1.254,3.046,5.584,7.973,8.341,8.057,8.616,8.769,9.413,9.403,9.409,1.2000,9.725,9.309,9.351,7.317,4.421,3.244,4.161,4.611,4.031,3.000,2.459,1.348,2.541,2.255,1.598,1.485,845,569,855,1.262,1.153,570,426,425,235,6,188,127,81,67,43,65,49,54,73,54,R
239,189,466,440,657,742,1.380,1.099,1.384,1.376,938,259,1.499,2.851,5.743,8.278,8.669,8.131,9.045,9.046,1.2000,9.976,9.872,9.761,9.009,9.724,9.675,7.633,4.434,3.822,4.727,4.007,3.381,3.172,2.222,733,2.692,1.888,712,1.062,694,300,893,1.459,1.348,391,546,469,201,95,155,91,151,80,18,78,45,26,36,24,R
336,294,476,539,794,804,1.136,1.228,1.235,842,357,689,1.705,3.257,4.602,6.225,7.327,7.843,7.988,8.261,1.2000,9.814,9.620,9.601,9.118,9.086,7.931,5.877,3.474,4.235,4.633,3.410,2.849,2.847,1.742,549,1.192,1.154,855,1.811,1.264,799,378,1.268,1.125,505,949,677,259,170,33,150,111,32,35,169,137,15,69,51,R
231,351,30,304,339,860,1.738,1.351,1.063,347,575,1.382,2.274,4.038,5.223,6.847,7.521,7.760,7.708,8.627,1.2000,8.873,8.057,8.760,9.066,9.430,8.846,6.500,2.970,2.423,2.992,2.285,2.277,1.529,1.037,352,1.073,1.373,1.331,1.454,1.115,440,762,1.381,831,654,844,595,497,313,154,106,97,22,52,72,56,38,43,30,R
108,86,58,460,752,887,1.015,494,472,393,1.106,1.412,2.202,2.976,4.116,4.754,5.390,6.279,7.060,7.918,9.493,1.2000,9.645,9.432,8.658,7.895,6.501,4.492,4.739,6.153,4.929,3.195,3.735,3.336,1.052,671,379,461,1.694,2.169,1.677,644,159,778,653,210,509,387,262,101,161,29,78,114,83,58,3,23,26,27,R
229,369,40,375,455,1.452,2.211,1.188,750,1.631,2.709,3.358,4.091,4.400,5.485,7.213,8.137,9.185,1.2000,9.418,9.116,9.349,7.484,5.146,4.106,3.443,6.981,8.713,9.013,8.014,4.380,1.319,1.709,2.484,3.044,2.312,1.338,2.056,2.474,2.790,1.610,56,351,1.148,1.331,276,763,631,309,240,115,64,22,122,151,56,26,29,104,163,R
100,194,155,489,839,1.009,1.627,2.071,2.696,2.990,3.242,3.565,3.951,5.201,6.953,8.468,1.2000,9.278,8.510,8.010,8.142,8.825,7.302,6.107,7.159,8.458,6.319,4.808,6.291,7.152,6.005,4.235,4.106,3.992,1.730,1.975,2.370,1.339,1.583,3.151,1.968,2.054,1.272,1.129,1.946,2.195,1.930,1.498,773,196,122,130,73,77,75,60,80,19,53,19,R
409,421,573,130,183,1.019,1.054,1.070,2.302,2.259,2.373,3.323,3.827,4.840,6.812,7.555,9.522,9.826,8.871,8.268,7.561,8.217,6.967,6.444,6.948,8.014,6.053,6.084,8.877,8.557,5.563,2.897,3.638,4.786,2.908,899,2.043,1.707,407,1.286,1.581,2.191,1.701,971,2.217,2.732,1.874,1.062,665,405,113,28,36,105,120,87,61,61,30,78,R
217,340,392,236,1.081,1.164,1.398,1.009,1.147,1.777,4.079,4.113,3.973,5.078,6.509,8.073,9.819,1.2000,9.407,8.452,8.106,8.460,6.212,5.815,7.745,8.204,5.601,2.989,5.009,6.628,5.753,4.055,3.746,3.481,1.580,1.422,2.130,1.866,1.003,2.396,2.241,2.029,710,1.606,1.669,1.700,1.829,1.403,506,224,95,31,103,78,77,94,31,30,13,69,R
378,318,423,350,1.787,1.635,887,817,1.779,2.053,3.135,3.118,3.686,3.885,5.850,7.868,9.739,1.2000,9.843,8.610,8.443,9.061,5.847,4.033,5.946,6.793,6.389,5.002,5.578,4.831,4.729,3.318,3.969,3.894,2.314,1.036,1.312,864,2.569,3.179,2.649,2.714,1.713,584,1.230,2.200,2.198,1.074,423,162,93,46,44,78,102,65,61,62,43,53,R
365,1.632,1.636,1.421,1.130,1.306,2.112,2.268,2.992,3.735,3.042,387,2.679,5.397,6.204,7.257,8.350,6.888,4.450,3.921,5.605,7.545,8.311,1.2000,8.762,7.092,7.009,5.014,3.942,4.456,4.072,773,1.423,401,3.597,6.847,7.076,3.597,612,3.027,3.966,3.868,2.380,2.059,2.288,1.704,1.587,1.792,1.022,151,223,110,71,205,164,63,78,94,110,68,R
188,370,953,824,249,488,1.424,1.972,1.873,1.806,2.139,1.523,1.975,4.844,7.298,7.807,7.906,6.122,4.200,2.807,5.148,7.569,8.596,1.2000,8.457,6.797,6.971,5.843,4.772,5.201,4.241,1.592,1.668,588,3.967,7.147,7.319,3.509,589,2.690,4.200,3.874,2.440,2.000,2.307,1.886,1.960,1.701,1.366,398,143,93,33,113,30,57,90,57,68,24,R
856,454,382,203,385,534,2.140,3.110,2.837,2.751,2.707,946,1.020,4.519,6.737,6.699,7.066,5.632,3.785,2.721,5.297,7.697,8.643,9.304,9.372,6.247,6.024,6.810,5.047,5.775,4.754,2.400,2.779,1.997,5.305,7.409,7.775,4.424,1.416,3.508,4.482,4.208,3.054,2.235,2.611,2.798,2.392,2.021,1.326,358,128,172,138,79,37,51,258,102,37,37,R
274,242,621,560,1.129,973,1.823,1.745,1.440,1.808,2.366,906,1.749,4.012,5.187,7.312,9.062,9.260,7.434,4.463,5.103,6.952,7.755,8.364,7.283,6.399,5.759,4.146,3.495,4.437,2.665,2.024,1.942,765,3.725,5.843,4.827,2.347,999,3.244,3.990,2.975,1.684,1.761,1.683,729,1.190,1.297,748,67,255,113,108,85,47,74,104,161,220,173,R
235,291,749,519,227,834,677,2.002,2.876,3.674,2.974,837,1.912,5.040,6.352,6.804,7.505,6.595,4.509,2.964,4.019,6.794,8.297,1.2000,8.240,7.115,7.726,6.124,4.936,5.648,4.906,1.820,1.811,1.107,4.603,6.650,6.423,2.166,1.951,4.947,4.925,4.041,2.402,1.392,1.779,1.946,1.723,1.522,929,179,242,83,37,95,105,30,132,68,108,90,R
126,519,621,518,1.072,2.587,2.304,2.067,3.416,4.284,3.015,1.207,3.299,5.707,6.962,9.751,1.2000,9.293,6.210,4.586,5.001,5.032,7.082,8.420,8.109,7.690,8.105,6.203,2.356,2.595,6.299,6.762,2.903,4.393,8.529,7.180,4.801,5.856,4.993,2.866,601,1.167,2.737,2.812,2.078,660,491,345,172,287,27,208,48,199,126,22,37,34,114,77,R
253,808,507,244,1.724,3.823,3.729,3.583,3.429,2.197,2.653,3.223,5.582,6.916,7.943,7.152,3.512,2.008,2.676,4.299,5.280,3.489,1.430,5.453,6.338,7.712,6.838,8.015,8.073,8.310,7.792,5.049,1.413,2.767,5.084,4.787,1.356,2.299,2.789,3.833,2.933,1.155,1.705,1.294,909,800,567,198,114,151,85,178,73,79,38,116,33,39,81,53,R
260,192,254,61,352,701,1.263,1.080,1.523,1.630,1.030,2.187,1.542,2.630,2.940,2.978,699,1.401,2.990,3.915,3.598,2.403,4.208,5.675,6.094,6.323,6.549,7.673,1.2000,8.463,5.509,4.444,5.169,4.268,1.802,791,535,1.906,2.561,2.153,2.769,2.841,1.733,815,335,933,1.018,309,208,318,132,118,120,51,70,15,35,8,44,77,R
459,437,347,456,67,890,1.798,1.741,1.598,1.408,2.693,3.259,4.545,5.785,4.471,2.231,2.164,3.201,2.915,4.235,4.460,2.380,6.415,8.966,8.918,7.529,6.838,8.390,1.2000,8.362,5.427,4.577,8.067,6.973,3.915,1.558,1.598,2.161,5.178,4.782,2.344,3.599,2.785,1.807,352,473,322,408,163,88,121,67,32,109,164,151,70,85,117,56,R
25,309,171,228,434,1.224,1.947,1.661,1.368,1.430,994,2.250,2.444,3.239,3.039,2.410,367,1.672,3.038,4.069,3.613,1.994,4.611,6.849,7.272,7.152,7.102,8.516,1.2000,7.690,4.841,3.717,6.096,5.110,2.586,916,947,2.287,3.480,2.095,1.901,2.941,2.211,1.524,746,606,692,446,344,82,108,149,77,36,114,85,101,16,28,14,R
291,400,771,809,521,1.051,145,674,1.294,1.146,942,794,252,1.191,1.045,2.050,1.556,2.690,3.784,4.024,3.470,1.395,1.208,2.827,1.500,2.626,4.468,7.520,9.036,7.812,4.766,2.483,5.372,6.279,3.647,4.572,6.359,6.474,5.520,3.253,2.292,653,0,0,0,0,0,0,0,0,0,56,237,204,50,137,164,81,139,111,R
181,146,26,141,421,473,361,741,1.398,1.045,904,671,997,1.056,346,1.231,1.626,3.652,3.262,2.995,2.109,2.104,2.085,2.282,747,1.969,4.086,6.385,7.970,7.508,5.517,2.214,4.672,4.479,2.297,3.235,4.480,5.581,6.520,5.354,2.478,2.268,1.788,898,536,374,990,956,317,142,76,223,255,145,233,41,18,48,89,85,R
491,279,592,1.270,1.772,1.908,2.217,768,1.246,2.028,947,2.497,2.209,3.195,3.340,3.323,2.780,2.975,2.948,1.729,3.264,3.834,3.523,5.410,5.228,4.475,5.340,5.323,3.907,3.456,4.091,4.639,5.580,5.727,6.355,7.563,6.903,6.176,5.379,5.622,6.508,4.797,3.736,2.804,1.982,2.438,1.789,1.706,762,238,268,81,129,161,63,119,194,140,332,439,M
1.313,2.339,3.059,4.264,4.010,1.791,1.853,55,1.929,2.231,2.907,2.259,3.136,3.302,3.660,3.956,4.386,4.670,5.255,3.735,2.243,1.973,4.337,6.532,5.070,2.796,4.163,5.950,5.242,4.178,3.714,2.375,863,1.437,2.896,4.577,3.725,3.372,3.803,4.181,3.603,2.711,1.653,1.951,2.811,2.246,1.921,1.500,665,193,156,362,210,154,180,13,106,127,178,231,M
201,423,554,783,620,871,1.201,2.707,1.206,279,2.251,2.615,1.770,3.709,4.533,5.553,4.616,3.797,3.450,2.665,2.395,1.127,2.556,5.169,3.779,4.082,5.353,5.116,4.544,4.258,3.869,3.939,4.661,3.974,2.194,1.816,1.023,2.108,3.253,3.697,2.912,3.010,2.563,1.927,2.062,1.751,841,1.035,641,153,81,191,182,160,290,90,242,224,190,96,M
629,1.065,1.526,1.229,1.437,1.190,884,907,2.107,3.597,5.466,5.205,5.127,5.395,6.558,8.705,9.786,9.335,7.917,7.383,6.908,3.850,671,502,2.717,2.839,2.234,1.911,408,2.531,1.979,1.891,2.433,1.956,2.667,1.340,1.073,2.023,1.794,227,1.313,1.775,1.549,1.626,708,129,795,762,117,61,257,89,262,108,138,187,230,57,113,131,M
335,134,696,1.180,348,1.180,1.948,1.607,3.036,4.372,5.533,5.771,7.022,7.067,7.367,7.391,8.622,9.458,8.782,7.913,5.760,3.061,563,239,2.554,4.862,5.027,4.402,2.847,1.797,3.560,3.522,3.321,3.112,3.638,754,1.834,1.820,1.815,1.593,576,954,1.086,812,784,487,439,586,370,185,302,244,232,93,159,193,32,377,126,156,M
587,1.210,1.268,1.498,1.436,561,832,672,1.372,2.352,3.208,4.257,5.201,4.914,5.950,7.221,9.039,9.111,8.723,7.686,7.326,5.222,3.097,3.172,2.270,1.640,1.746,1.835,2.048,1.674,2.767,3.104,3.399,4.441,5.046,2.814,1.681,2.633,3.198,1.933,934,443,780,722,405,553,1.081,1.139,767,265,215,331,111,88,158,122,38,101,228,124,M
162,253,262,386,645,472,1.056,1.388,598,1.334,2.969,4.754,5.677,5.690,6.421,7.487,8.999,1.2000,9.690,9.032,7.685,6.998,6.644,5.964,3.711,921,481,876,1.040,1.714,3.264,4.612,3.939,5.050,4.833,3.511,2.319,4.029,3.676,1.510,745,1.395,1.552,377,636,443,264,223,187,77,137,71,82,232,198,74,35,100,48,19,M
307,523,653,521,611,577,665,664,1.460,2.792,3.877,4.992,4.981,4.972,5.607,7.339,8.230,9.173,9.975,9.911,8.240,6.498,5.980,4.862,3.150,1.543,989,284,1.008,2.636,2.694,2.930,2.925,3.998,3.660,3.172,4.609,4.374,1.820,3.376,6.202,4.448,1.863,1.420,589,576,672,269,245,190,63,321,189,137,277,152,52,121,124,55,M
116,179,449,1.096,1.913,924,761,1.092,757,1.006,2.500,3.988,3.809,4.753,6.165,6.464,8.024,9.208,9.832,9.634,8.646,8.325,8.276,8.007,6.102,4.853,4.355,4.307,4.399,3.833,3.032,3.035,3.197,2.292,2.131,2.347,3.201,4.455,3.655,2.715,1.747,1.781,2.199,1.056,573,307,237,470,102,57,31,163,99,84,270,277,97,54,148,92,M
331,423,474,818,835,756,374,961,548,193,897,1.734,1.936,2.803,3.313,5.020,6.360,7.096,8.333,8.730,8.073,7.507,7.526,7.298,6.177,4.946,4.531,4.099,4.540,4.124,3.139,3.194,3.692,3.776,4.469,4.777,4.716,4.664,3.893,4.255,4.064,3.712,3.863,2.802,1.283,1.117,1.303,787,436,224,133,78,174,176,38,129,66,44,134,92,M
428,555,708,618,1.215,1.524,1.543,391,610,113,1.255,2.473,3.011,3.747,4.520,5.392,6.588,7.113,7.602,8.672,8.416,7.974,8.385,9.317,8.555,6.162,4.139,3.269,3.108,2.554,3.367,4.465,5.000,5.111,5.194,4.619,4.234,4.372,4.277,4.433,3.700,3.324,2.564,2.527,2.137,1.789,1.010,528,453,118,9,142,179,79,60,131,89,84,113,49,M
599,474,498,387,1.026,773,853,447,1.094,351,1.582,2.023,2.268,2.829,3.819,4.665,6.687,8.647,9.361,9.367,9.144,9.162,9.311,8.604,7.327,5.763,4.162,4.113,4.146,3.149,2.936,3.169,3.149,4.132,3.994,4.195,4.532,4.419,4.737,3.431,3.194,3.370,2.493,2.650,1.748,932,530,81,342,137,28,13,5,227,209,81,117,114,112,100,M
264,71,342,793,1.043,783,1.417,1.176,453,945,1.132,840,717,1.968,2.633,4.191,5.050,6.711,7.922,8.381,8.759,9.422,1.2000,9.931,9.575,8.647,7.215,5.801,4.964,4.886,4.079,2.443,1.768,2.472,3.518,3.762,2.909,2.311,3.168,3.554,3.741,4.443,3.261,1.963,864,1.688,1.991,1.217,628,323,253,214,262,177,37,68,121,77,78,66,M
210,121,203,1.036,1.675,418,723,828,494,686,1.125,1.741,2.710,3.087,3.575,4.998,6.011,6.470,8.067,9.008,8.906,9.338,1.2000,9.102,8.496,7.867,7.688,7.718,6.268,4.301,2.077,1.198,1.660,2.618,3.862,3.958,3.248,2.302,3.250,4.022,4.344,4.008,3.370,2.518,2.101,1.181,1.150,550,293,183,104,117,101,61,31,99,80,107,161,133,M
530,885,1.997,2.604,3.225,2.247,617,2.287,950,740,1.610,2.226,2.703,3.365,4.266,4.144,5.655,6.921,8.547,9.234,9.171,1.2000,9.532,9.101,8.337,7.053,6.534,4.483,2.460,2.020,1.446,994,1.510,2.392,4.434,5.023,4.441,4.571,3.927,2.900,3.408,4.990,3.632,1.387,1.800,1.299,523,817,469,114,299,244,199,257,82,151,171,146,134,56,M
454,472,697,1.021,1.397,1.493,1.487,771,1.171,1.675,2.799,3.323,4.012,4.296,5.350,5.411,6.870,8.045,9.194,9.169,1.2000,9.972,9.093,7.918,6.705,5.324,3.572,2.484,3.161,3.775,3.138,1.713,2.937,5.234,5.926,5.437,4.516,3.379,3.215,2.178,1.674,2.634,2.980,2.037,1.155,919,882,228,380,142,137,120,42,238,129,84,218,321,154,53,M
283,599,656,229,839,1.673,1.154,1.098,1.370,1.767,1.995,2.869,3.275,3.769,4.169,5.036,6.180,8.025,9.333,9.399,9.275,9.450,8.328,7.773,7.007,6.154,5.810,4.454,3.707,2.891,2.185,1.711,3.578,3.947,2.867,2.401,3.619,3.314,3.763,4.767,4.059,3.661,2.320,1.450,1.017,1.111,655,271,244,179,109,147,170,158,46,73,54,33,45,79,M
114,222,269,384,1.217,2.062,1.489,929,1.350,1.799,2.486,2.973,3.672,4.394,5.258,6.755,7.402,8.284,9.033,9.584,1.2000,9.982,8.899,7.493,6.367,6.744,7.207,6.821,5.512,4.789,3.924,2.533,1.089,1.390,2.551,3.301,2.818,2.142,2.266,2.142,2.354,2.871,2.596,1.925,1.256,1.003,951,1.210,728,174,213,269,152,257,97,41,50,145,103,25,M
414,436,447,844,419,1.215,2.002,1.516,818,1.975,2.309,3.025,3.938,5.050,5.872,6.610,7.417,8.006,8.456,7.939,8.804,8.384,7.852,8.479,7.434,6.433,5.514,3.519,3.168,3.346,2.056,1.032,3.168,4.040,4.282,4.538,3.704,3.741,3.839,3.494,4.380,4.265,2.854,2.808,2.395,369,805,541,177,65,222,45,136,113,53,165,141,77,246,198,M
94,333,306,376,1.296,1.795,1.909,1.692,1.870,1.725,2.228,3.106,4.144,5.157,5.369,5.107,6.441,7.326,8.164,8.856,9.891,1.2000,8.750,8.631,9.074,8.674,7.750,6.600,5.615,4.016,2.331,1.164,1.095,431,619,1.956,2.120,3.242,4.102,2.939,1.911,1.702,1.010,1.512,1.427,1.097,1.173,972,703,281,216,153,112,241,164,55,78,55,91,67,M
228,106,130,842,1.117,1.506,1.776,997,1.428,2.227,2.621,3.109,2.859,3.316,3.755,4.499,4.765,6.254,7.304,8.702,9.349,9.614,9.126,9.443,1.2000,9.455,8.815,7.520,7.068,5.986,3.857,2.510,2.162,968,1.323,1.344,2.250,3.244,3.939,3.806,3.258,3.654,2.983,1.779,1.535,1.199,959,765,649,313,185,98,178,77,74,95,55,45,63,39,M
363,478,298,210,1.409,1.916,1.349,1.613,1.703,1.444,1.989,2.154,2.863,3.570,3.980,4.359,5.334,6.304,6.995,7.435,8.379,8.641,9.014,9.432,9.536,1.2000,9.547,9.745,8.962,7.196,5.462,3.156,2.525,1.969,2.189,1.533,711,1.498,1.755,2.276,1.322,1.056,1.973,1.692,1.881,1.177,779,495,492,194,250,115,190,55,96,50,66,114,73,33,M
261,266,223,749,1.364,1.513,1.316,1.654,1.864,2.013,2.890,3.650,3.510,3.495,4.325,5.398,6.237,6.876,7.329,8.107,8.396,8.632,8.747,9.607,9.716,9.121,8.576,8.798,7.720,5.711,4.264,2.860,3.114,2.066,1.165,185,1.302,2.480,1.637,1.103,2.144,2.033,1.887,1.370,1.376,307,373,606,399,169,135,222,175,127,22,124,54,21,28,23,M
346,509,79,243,432,735,938,1.134,1.228,1.508,1.809,2.390,2.947,2.866,4.010,5.325,5.486,5.823,6.041,6.749,7.084,7.890,9.284,9.781,9.738,1.2000,9.702,9.956,8.235,6.020,5.342,4.867,3.526,1.566,946,1.613,2.824,3.390,3.019,2.945,2.978,2.676,2.055,2.069,1.625,1.216,1.013,744,386,50,146,40,122,107,112,102,52,24,79,31,M
162,41,239,441,630,921,1.368,1.078,1.552,1.779,2.164,2.568,3.089,3.829,4.393,5.335,5.996,6.728,7.309,8.092,8.941,9.668,1.2000,9.893,9.376,8.991,9.184,9.128,7.811,6.018,3.765,3.300,2.280,212,1.117,1.788,2.373,2.843,2.241,2.715,3.363,2.546,1.867,2.160,1.278,768,1.070,946,636,227,128,173,135,114,62,157,88,36,53,30,M
249,119,277,760,1.218,1.538,1.192,1.229,2.119,2.531,2.855,2.961,3.341,4.287,5.205,6.087,7.236,7.577,7.726,8.098,8.995,9.247,9.365,9.853,9.776,1.2000,9.896,9.076,7.306,5.758,4.469,3.719,2.079,955,488,1.406,2.554,2.054,1.614,2.232,1.773,2.293,2.521,1.464,673,965,1.492,1.128,463,193,140,27,68,150,12,133,48,244,77,74,M
270,163,341,247,822,1.256,1.323,1.584,2.017,2.122,2.210,2.399,2.964,4.061,5.095,5.512,6.613,6.804,6.520,6.788,7.811,8.369,8.969,9.856,1.2000,9.395,8.917,8.105,6.828,5.572,4.301,3.339,2.035,798,809,1.525,2.626,2.456,1.980,2.412,2.409,1.901,2.077,1.767,1.119,779,1.344,960,598,330,197,189,204,85,43,92,138,94,105,93,M
388,324,688,898,1.267,1.515,2.134,2.613,2.832,2.718,3.645,3.934,3.843,4.677,5.364,4.823,4.835,5.862,7.579,6.997,6.918,8.633,9.107,9.346,7.884,8.585,9.261,7.080,5.779,5.215,4.505,3.129,1.448,1.046,1.820,1.519,1.017,1.438,1.986,2.039,2.778,2.879,1.331,1.140,1.310,1.433,624,100,98,131,152,255,71,263,79,111,107,68,97,67,M
228,853,1.000,428,1.117,1.651,1.597,2.116,3.295,3.517,3.330,3.643,4.020,4.731,5.196,6.573,8.426,8.476,8.344,8.453,7.999,8.537,9.642,1.2000,9.357,9.409,9.070,7.104,6.320,5.667,3.501,2.447,1.698,3.290,3.674,2.331,2.413,2.556,1.892,1.940,3.074,2.785,308,1.238,1.854,1.753,1.079,728,242,191,159,172,191,260,140,125,116,93,12,36,M
715,849,587,218,862,1.801,1.916,1.896,2.960,4.186,4.867,5.249,5.959,6.855,8.573,9.718,8.693,8.711,8.954,9.922,8.980,8.158,8.373,7.541,5.893,5.488,5.643,5.406,4.783,4.439,3.698,2.574,1.478,1.743,1.229,1.588,1.803,1.436,1.667,2.630,2.234,1.239,869,2.092,1.499,676,899,927,658,86,216,153,121,96,196,42,66,99,83,124,M
209,261,120,768,1.064,1.680,3.016,3.460,3.314,4.125,3.943,1.334,4.622,9.970,9.137,8.292,6.994,7.825,8.789,8.501,8.920,9.473,1.2000,8.975,7.806,8.321,6.502,4.548,4.732,3.391,2.747,978,477,1.403,1.834,2.148,1.271,1.912,3.391,3.444,2.369,1.195,2.665,2.587,1.393,1.083,1.383,1.321,1.069,325,316,57,159,85,372,101,127,288,129,23,M
374,586,628,534,255,1.422,2.072,2.734,3.070,2.597,3.483,3.999,4.574,5.950,7.924,8.272,8.087,8.977,9.828,8.982,8.890,9.367,9.122,7.936,6.718,6.318,4.865,3.388,4.832,3.822,3.075,1.267,743,1.510,1.906,1.817,1.709,946,2.829,3.006,1.602,1.483,2.875,2.047,1.064,1.395,1.065,527,395,183,353,118,63,237,32,87,124,113,98,126,M
1.371,1.226,1.385,1.484,1.776,1.428,1.773,2.161,1.630,2.067,4.257,5.484,7.131,7.003,6.777,7.939,9.382,8.925,9.146,7.832,7.960,7.983,7.716,6.615,4.860,5.572,4.697,5.640,4.517,3.369,2.684,2.339,3.052,3.016,2.753,1.041,1.757,3.156,3.603,2.736,1.301,2.458,3.404,1.753,679,1.062,643,532,531,272,171,118,129,344,65,67,22,79,146,51,M
443,446,235,1.008,2.252,2.611,2.061,1.668,1.801,3.083,3.794,5.364,6.173,7.842,8.392,9.016,1.2000,8.911,8.753,7.886,7.156,7.581,6.372,3.210,2.076,2.279,3.309,2.847,1.949,1.671,1.025,1.362,2.212,1.124,1.677,1.039,2.562,2.624,2.236,1.180,1.103,2.831,2.385,255,1.967,1.483,434,627,513,473,248,274,205,141,185,55,45,115,152,100,M
1.150,1.163,866,358,232,1.267,2.417,2.661,4.346,5.378,3.816,991,616,1.795,3.907,3.602,3.041,2.428,4.060,8.395,9.777,4.680,610,2.143,1.348,2.854,1.617,2.649,4.565,6.502,2.848,3.296,5.370,6.627,8.626,8.547,7.848,9.016,8.827,6.086,2.810,906,1.177,2.694,5.214,4.232,2.340,1.928,1.092,507,228,99,65,85,166,110,190,141,68,86,M
968,821,629,608,617,1.207,944,4.223,5.744,5.025,3.488,1.700,2.076,3.087,4.224,5.312,2.436,1.884,1.908,8.321,1.2000,4.076,960,1.928,2.419,3.790,2.893,3.451,3.777,5.213,2.316,3.335,4.781,6.116,6.705,7.375,7.356,7.792,6.788,5.259,2.762,1.545,2.019,2.231,4.221,3.067,1.329,1.349,1.057,499,206,73,81,303,190,212,126,201,210,41,M
790,707,352,1.660,1.330,226,771,2.678,5.664,6.609,5.002,2.583,1.650,4.347,4.515,4.579,3.366,4.000,5.325,9.010,9.939,3.689,1.012,248,2.318,3.981,2.259,5.247,6.898,8.316,4.326,3.741,5.756,8.043,7.963,7.174,7.056,8.148,7.601,6.034,4.554,4.729,4.478,3.722,4.693,3.839,768,1.467,777,469,193,298,390,294,175,249,141,73,25,101,M
1.083,1.070,257,837,748,1.125,3.322,4.590,5.526,5.966,5.304,2.251,2.402,2.689,6.646,6.632,1.674,837,4.331,8.718,7.992,3.712,1.703,1.611,2.086,2.847,2.211,6.134,5.807,6.925,3.825,4.303,7.791,8.703,1.2000,9.212,9.386,9.303,7.314,4.791,2.087,2.016,1.669,2.872,4.374,3.097,1.578,553,334,209,172,180,110,234,276,32,84,122,82,143,M
94,611,1.136,1.203,403,1.227,2.495,4.566,6.587,5.079,3.350,834,3.004,3.957,3.769,3.828,1.247,1.363,2.678,9.188,9.779,3.236,1.944,1.874,885,3.443,2.953,5.908,4.564,7.334,1.969,2.790,6.212,8.681,8.621,9.380,8.327,9.480,6.721,4.436,5.163,3.809,1.557,1.449,2.662,1.806,1.699,2.559,1.129,201,480,234,175,352,158,326,201,168,245,154,M
1.088,1.278,926,1.234,1.276,1.731,1.948,4.262,6.828,5.761,4.733,2.362,1.023,2.904,4.713,4.659,1.415,849,3.257,9.007,9.312,4.856,1.346,1.604,2.737,5.609,3.654,6.139,5.470,8.474,5.638,5.443,5.086,6.253,8.497,8.406,8.420,9.136,7.713,4.882,3.724,4.469,4.586,4.491,5.616,4.305,945,794,274,154,140,455,213,82,124,167,103,205,178,187,M
430,902,833,813,165,277,569,2.057,3.887,7.106,7.342,5.033,3.000,1.951,2.767,3.737,2.507,2.507,3.292,4.871,6.527,8.454,9.739,1.2000,6.665,5.323,4.024,3.444,4.239,4.182,4.393,1.162,4.336,6.553,6.172,4.373,4.118,3.641,4.572,4.367,2.964,4.312,4.155,1.824,1.487,138,1.164,2.052,1.069,199,208,176,197,210,141,49,27,162,59,21,M
731,1.249,1.665,1.496,1.443,2.770,2.555,1.712,466,1.114,1.739,3.160,3.249,2.164,2.031,2.580,1.796,2.422,3.609,1.810,2.604,6.572,9.734,9.757,8.079,6.521,4.915,5.363,7.649,5.250,5.101,4.219,4.160,1.906,223,4.219,5.496,2.483,2.034,2.729,2.837,4.463,3.178,807,1.192,2.134,3.241,2.945,1.474,211,361,444,230,290,141,161,177,194,207,57,M
164,627,738,608,233,1.048,1.338,644,1.522,780,1.791,2.681,1.788,1.039,1.980,3.234,3.748,2.586,3.680,3.508,5.606,5.231,5.469,6.954,6.352,6.757,8.499,8.025,6.563,8.591,6.655,5.369,3.118,3.763,2.801,875,3.319,4.237,1.801,3.743,4.627,1.614,2.494,3.202,2.265,1.146,476,943,824,171,244,258,143,226,187,185,110,94,78,112,M
412,1.135,518,232,646,1.124,1.787,2.407,2.682,2.058,1.546,2.671,3.141,2.904,3.531,5.079,4.639,1.859,4.474,4.079,5.400,4.786,4.332,6.113,5.091,4.606,7.243,8.987,8.826,9.201,8.005,6.033,2.120,2.866,4.033,2.803,3.087,3.550,2.545,1.432,5.869,6.431,5.826,4.286,4.894,5.777,4.315,2.640,1.794,772,798,376,143,272,127,166,95,225,98,85,M
707,1.252,1.447,1.644,1.693,844,715,947,1.583,1.247,2.340,1.764,2.284,3.115,4.725,5.543,5.386,3.746,4.583,5.961,7.464,7.644,5.711,6.257,6.695,7.131,7.567,8.077,8.477,9.289,9.513,7.995,4.362,4.048,4.952,1.712,3.652,3.763,2.841,427,5.331,6.952,4.288,3.063,5.835,5.692,2.630,1.196,983,374,291,156,197,135,127,138,133,131,154,218,M
526,563,1.219,1.206,246,1.022,539,439,2.291,1.632,2.544,2.807,3.011,3.361,3.024,2.285,2.910,1.316,1.151,3.404,5.562,6.379,6.553,7.384,6.534,5.423,6.877,7.325,7.726,8.229,8.787,9.108,6.705,6.092,7.505,4.775,1.666,3.749,3.776,2.106,5.886,5.628,2.577,5.245,6.149,5.123,3.385,1.499,546,270,380,339,149,335,376,174,132,103,364,208,M
516,944,622,415,995,2.431,1.777,2.018,2.611,1.294,2.646,2.778,4.432,3.672,2.035,2.764,3.252,1.536,2.784,3.508,5.187,7.052,7.143,6.814,5.100,5.308,6.131,8.388,9.031,8.607,9.656,9.168,7.132,6.898,7.310,4.134,1.580,1.819,1.381,2.960,6.935,8.246,5.351,4.403,6.448,6.214,3.016,1.379,364,355,456,432,274,152,120,129,20,109,74,78,M
299,688,992,1.021,800,629,130,813,1.761,998,523,904,2.655,3.099,3.520,3.892,3.962,2.449,2.355,3.045,3.112,4.698,5.534,4.532,4.464,4.670,4.621,6.988,7.626,7.025,7.382,7.446,7.927,5.227,3.967,3.042,1.309,2.408,1.780,1.598,5.657,6.443,4.241,4.567,5.760,5.293,3.287,1.283,698,334,342,459,277,172,87,46,203,130,115,15,M
721,1.574,1.112,1.085,666,1.800,1.108,2.794,1.408,795,2.534,3.920,3.375,1.610,1.889,3.308,2.282,2.177,1.853,5.167,5.342,6.298,8.437,6.756,5.825,6.141,8.809,8.375,3.869,5.051,5.455,4.241,1.534,4.950,6.983,7.109,5.647,4.870,5.515,4.433,5.250,6.075,5.251,1.359,4.268,4.442,2.193,900,1.200,628,234,309,127,82,281,117,92,147,157,129,M
1.021,830,577,627,635,1.328,988,1.787,1.199,1.369,2.509,2.631,2.796,2.977,3.823,3.129,3.956,2.093,3.218,3.345,3.184,2.887,3.610,2.566,4.106,4.591,4.722,7.278,7.591,6.579,7.514,6.666,4.903,5.962,6.552,4.014,1.188,3.245,3.107,1.354,5.109,7.988,7.517,5.508,5.858,7.292,5.522,3.339,1.608,475,1.004,709,317,309,252,87,177,214,227,106,M
654,649,737,1.132,2.482,1.257,1.797,989,2.460,3.422,2.128,1.377,4.032,5.684,2.398,4.331,5.954,5.772,8.176,8.835,5.248,6.373,8.375,6.699,7.756,8.750,8.300,6.896,3.372,6.405,7.138,8.202,6.657,5.254,2.960,704,970,3.941,6.028,3.521,3.924,4.808,4.602,4.164,5.438,5.649,3.195,2.484,1.299,825,243,210,361,239,447,394,355,440,243,98,M
712,901,1.276,1.497,1.284,1.165,1.285,1.684,1.830,2.127,2.891,3.985,4.576,5.821,5.027,1.930,2.579,3.177,2.745,6.186,8.958,7.442,5.188,2.811,1.773,6.607,7.576,5.122,4.701,5.479,4.347,1.276,846,927,313,998,1.781,1.586,3.001,2.208,1.455,2.895,3.203,1.414,629,734,805,608,565,286,154,154,156,54,30,48,87,101,95,68,M
207,535,334,818,740,324,918,1.070,1.553,1.234,1.796,1.787,1.247,2.577,3.370,3.990,1.647,2.266,3.219,5.356,8.159,1.2000,8.701,6.889,6.299,5.738,5.707,5.976,4.301,2.058,1.000,2.247,2.308,3.977,3.317,1.726,1.429,2.168,1.967,2.140,3.674,2.023,778,925,2.388,3.400,2.594,1.102,911,462,171,33,50,190,103,121,42,90,70,99,M
209,278,115,445,427,766,1.458,1.430,1.894,1.853,1.748,1.556,1.476,1.378,2.584,3.827,4.784,5.360,6.192,7.912,9.264,1.2000,9.080,7.435,5.557,3.172,1.295,598,2.722,3.616,3.293,4.855,3.936,1.845,342,2.489,3.837,3.514,2.654,1.760,1.599,866,590,813,492,417,495,367,115,118,133,96,14,49,39,29,78,47,21,11,M
231,315,170,226,410,116,223,805,2.365,2.461,2.245,1.520,1.732,3.099,4.380,5.595,6.820,6.164,6.803,8.435,9.921,1.2000,7.983,5.426,3.952,5.179,5.650,3.042,1.881,3.960,2.286,3.544,4.187,2.398,1.847,3.760,4.331,3.626,2.519,1.870,1.046,2.339,1.991,1.100,684,303,674,785,455,246,151,125,36,123,43,114,52,91,8,92,M
131,201,45,217,230,481,742,333,1.369,2.079,2.295,1.990,1.184,1.891,2.949,5.343,6.850,7.923,8.220,7.290,7.352,7.918,8.057,4.898,1.934,2.924,6.255,8.546,8.966,7.821,5.168,4.840,4.038,3.411,2.849,2.353,2.699,4.442,4.323,3.314,1.195,1.669,3.702,3.072,945,1.545,1.394,772,615,230,111,168,86,45,62,65,30,66,29,53,M
233,394,416,547,993,1.515,1.674,1.513,1.723,2.078,1.239,236,1.771,3.115,4.990,6.707,7.655,8.485,9.805,1.2000,1.2000,9.992,9.067,6.803,5.103,4.716,4.980,6.196,7.171,6.316,3.554,2.897,4.316,3.791,2.421,944,351,844,436,1.130,2.045,1.937,834,1.502,1.675,1.058,1.111,849,596,201,71,104,62,26,25,61,38,101,78,6,M
117,69,279,583,915,1.267,1.577,1.927,2.361,2.169,1.180,754,2.782,3.758,5.093,6.592,7.071,7.532,8.357,8.593,9.615,9.838,8.705,6.403,5.067,5.395,6.934,8.487,8.213,5.962,2.950,2.758,2.885,1.893,1.446,955,888,836,894,1.547,2.318,2.225,1.035,1.721,2.017,1.787,1.112,398,305,84,39,53,29,20,13,29,20,62,26,52,M
211,128,15,450,711,1.563,1.518,1.206,1.666,1.345,785,367,1.227,2.614,4.280,6.122,7.435,8.130,9.006,9.603,9.162,9.140,7.851,5.134,3.439,3.290,2.571,3.685,5.765,6.190,4.613,3.615,4.434,3.864,3.093,2.138,1.112,1.386,1.523,996,1.644,1.902,1.313,1.776,2.000,765,727,749,449,134,174,117,23,47,49,31,24,39,51,15,M
47,59,80,554,883,1.278,1.674,1.373,2.922,3.469,3.265,3.263,2.301,1.253,2.102,2.401,1.928,1.673,1.228,902,1.557,3.291,5.268,6.740,7.906,8.938,9.395,9.493,9.040,9.151,8.828,8.086,7.180,6.720,6.447,6.879,6.241,4.936,4.144,4.240,4.546,4.392,4.323,4.921,4.710,3.196,2.241,1.806,990,251,129,95,126,69,39,68,60,45,2,29,M
201,178,274,232,724,833,1.232,1.298,2.085,2.720,2.188,3.037,2.959,2.059,906,1.610,1.800,2.180,2.026,1.506,521,2.143,4.333,5.943,6.926,7.576,8.787,9.060,8.528,9.087,9.657,9.306,7.774,6.643,6.604,6.884,6.938,5.932,5.774,6.223,5.841,4.527,4.911,5.762,5.013,4.042,3.123,2.232,1.085,414,253,131,49,104,102,92,83,20,48,36,M
107,453,289,713,1.075,1.019,1.606,2.119,3.061,2.936,3.104,3.431,2.456,1.887,1.184,2.080,2.736,3.274,2.344,1.260,576,1.241,3.239,4.357,5.734,7.825,9.252,9.349,9.348,1.2000,9.308,8.478,7.605,7.040,7.539,7.990,7.673,5.955,4.731,4.840,4.340,3.954,4.837,5.379,4.485,2.674,1.541,1.359,941,261,79,164,120,113,21,97,72,60,17,36,M
235,220,167,516,746,1.121,1.258,1.717,3.074,3.199,2.946,2.484,2.510,1.806,1.413,3.019,3.635,3.887,2.980,2.219,1.624,1.343,2.046,3.791,5.771,7.545,8.406,8.547,9.036,1.2000,9.646,7.912,6.412,5.986,6.835,7.771,8.084,7.426,6.295,5.708,4.433,3.361,3.795,4.950,4.373,2.404,1.128,1.654,933,225,214,221,152,83,58,23,57,52,27,21,M
258,433,547,681,784,1.250,1.296,1.729,2.794,2.954,2.506,2.601,2.249,2.115,1.270,1.193,1.794,2.185,1.646,740,625,2.381,4.824,6.372,7.531,8.959,9.941,9.957,9.328,9.344,8.854,7.690,6.865,6.390,6.378,6.629,5.983,4.565,3.129,4.158,4.325,4.031,4.201,4.557,3.955,2.966,2.095,1.558,884,265,121,91,62,19,45,79,31,63,48,50,M
305,363,214,227,456,665,939,972,2.535,3.127,2.192,2.621,2.419,2.179,1.159,1.237,886,1.755,1.758,1.540,512,1.805,4.039,5.697,6.577,7.474,8.543,9.085,8.668,8.892,9.065,8.522,7.204,6.200,6.253,6.848,7.337,6.281,5.725,6.119,5.597,4.965,5.027,5.772,5.907,4.803,3.877,2.779,1.427,424,271,200,70,70,86,89,74,42,55,21,M
217,152,346,346,484,526,773,862,1.451,2.110,2.343,2.087,1.645,1.689,1.650,1.967,2.934,3.709,4.309,4.161,5.116,6.501,7.717,8.491,9.104,8.912,8.189,6.779,5.368,5.207,5.651,5.749,5.250,4.255,3.330,2.331,1.451,1.648,2.694,3.730,4.467,4.133,3.743,3.021,2.069,1.790,1.689,1.341,769,222,205,123,67,11,26,49,29,22,22,32,M
72,27,89,61,420,865,1.182,999,1.976,2.318,2.472,2.880,2.126,708,1.194,2.808,4.221,5.279,5.857,6.153,6.753,7.873,8.974,9.828,1.2000,8.460,6.055,3.036,144,2.526,4.335,4.918,5.409,5.961,5.248,3.777,2.369,1.720,1.878,3.250,2.575,2.423,2.706,2.323,1.724,1.457,1.175,868,392,131,92,78,71,81,34,64,37,36,12,37,M
163,198,202,386,752,1.444,1.487,1.484,2.442,2.822,3.691,3.750,3.927,3.308,1.085,1.139,3.446,5.441,6.470,7.276,7.894,8.264,8.697,7.836,7.140,5.698,2.908,4.636,6.409,7.405,8.069,8.420,1.2000,9.536,6.755,3.905,1.249,3.629,6.356,8.116,7.664,5.417,2.614,1.723,2.814,2.764,1.985,1.502,1.219,493,27,77,26,31,83,20,84,108,83,33,M
221,65,164,487,519,849,812,1.833,2.228,1.810,2.549,2.984,2.624,1.893,668,2.666,4.274,6.291,7.782,7.686,8.099,8.493,9.440,9.450,9.655,8.045,4.969,3.960,3.856,5.574,7.309,8.549,9.425,8.726,6.673,4.694,1.546,1.748,3.607,5.208,5.177,3.702,2.240,816,395,785,1.052,1.034,764,216,167,89,51,15,75,58,16,70,74,38,M
411,277,604,525,489,385,611,1.117,1.237,2.300,1.370,1.335,2.137,1.526,775,1.196,903,689,2.071,2.975,2.836,3.353,3.622,3.202,3.452,3.562,3.892,6.622,9.254,1.2000,8.528,6.297,5.250,4.012,2.901,2.007,3.356,4.799,6.147,6.246,4.973,3.492,2.662,3.137,4.282,4.262,3.511,2.458,1.259,327,181,217,38,19,65,132,108,50,85,44,M
137,297,116,82,241,253,279,130,489,874,1.100,1.084,1.094,1.023,601,906,1.313,2.758,3.660,5.269,5.810,6.181,5.875,4.639,5.424,7.367,9.089,1.2000,8.247,5.441,3.349,877,1.600,4.169,6.576,7.390,7.963,7.493,6.795,4.713,2.355,1.704,2.728,4.016,4.125,3.470,2.739,1.790,922,276,169,81,40,25,36,58,67,35,43,33,M
15,186,289,195,515,817,1.005,124,1.168,1.476,2.118,2.575,2.354,1.334,92,1.951,3.685,4.646,5.418,6.260,7.420,8.257,8.609,8.400,8.949,9.945,1.2000,9.649,8.747,6.257,2.184,2.945,3.645,5.012,7.843,9.361,8.195,6.207,4.513,3.004,2.674,2.241,3.141,3.693,2.986,2.226,849,359,289,122,45,108,75,89,36,29,13,10,32,47,M
130,120,436,624,428,349,384,446,1.318,1.375,2.026,2.389,2.112,1.444,742,1.533,3.052,4.116,5.466,5.933,6.663,7.333,7.136,7.014,7.758,9.137,9.964,1.2000,8.881,6.585,2.707,1.746,2.709,4.853,7.184,8.209,7.536,6.496,4.708,3.482,3.508,3.181,3.524,3.659,2.846,1.714,694,303,292,116,24,84,100,18,35,58,11,9,33,26,M
134,172,178,363,444,744,800,456,368,1.250,2.405,2.325,2.523,1.472,669,1.100,2.353,3.282,4.416,5.167,6.508,7.793,7.978,7.786,8.587,9.321,9.454,8.645,7.220,4.850,1.357,2.951,4.715,6.036,8.083,9.870,8.800,6.411,4.276,2.702,2.642,3.342,4.335,4.542,3.960,2.525,1.084,372,286,99,46,94,48,47,16,8,42,24,27,41,M
179,136,408,633,596,808,2.090,3.465,5.276,5.965,6.254,4.507,3.693,2.864,1.635,422,1.785,4.394,6.950,8.097,8.550,8.717,8.601,9.201,8.729,8.084,8.694,8.411,5.793,3.754,3.485,4.639,6.495,6.901,5.666,5.188,5.060,3.885,3.762,3.738,2.605,1.591,1.875,2.267,1.577,1.211,883,850,355,219,86,123,60,187,111,126,81,155,160,85,M
180,444,476,698,1.615,887,596,1.071,3.175,2.918,3.273,3.035,3.033,2.587,1.682,1.308,2.803,4.519,6.641,7.683,6.960,4.393,2.432,2.886,4.974,8.172,1.2000,9.238,8.519,7.722,5.772,5.190,6.824,6.220,5.054,3.578,3.809,3.813,3.359,2.771,3.648,3.834,3.453,2.096,1.031,798,701,526,241,117,122,122,114,98,27,25,26,50,73,22,M
329,216,386,627,1.158,1.482,2.054,1.605,2.532,2.672,3.056,3.161,2.314,2.067,1.804,2.808,4.423,5.947,6.601,5.844,4.539,4.789,5.646,5.281,7.115,1.2000,9.564,6.090,5.112,4.000,482,1.852,2.186,1.436,1.757,1.428,1.644,3.089,3.648,4.441,3.859,2.813,1.238,953,1.201,825,618,141,108,124,104,95,151,59,15,53,16,42,53,74,M
191,173,291,301,463,690,576,1.103,2.423,3.134,4.786,5.239,4.393,3.440,2.869,3.889,4.420,3.892,4.088,5.006,7.271,9.385,1.2000,9.831,9.932,9.161,8.237,6.957,4.536,3.281,2.522,3.964,4.154,3.308,1.445,1.923,3.208,3.367,5.683,5.505,3.231,448,3.131,3.387,4.130,3.639,2.069,859,600,267,125,40,136,137,172,132,110,122,114,68,M
294,123,117,113,497,998,1.326,1.117,2.984,3.473,4.231,5.044,5.237,4.398,3.236,2.956,3.286,3.231,4.528,6.339,7.044,8.314,8.449,8.512,9.138,9.985,1.2000,7.544,4.661,3.924,3.849,4.674,4.245,3.095,752,2.885,4.072,3.170,2.863,2.634,541,1.874,3.459,4.646,4.366,2.581,1.319,505,112,59,41,56,104,79,14,54,15,6,81,43,M
635,709,453,333,185,1.260,1.015,1.918,3.362,3.900,4.674,5.632,5.506,4.343,3.052,3.492,3.975,3.875,5.280,7.198,7.702,8.562,8.688,9.236,1.2000,9.662,9.822,7.360,4.158,2.918,3.280,3.690,3.450,2.863,864,3.724,4.649,3.488,1.817,1.142,1.220,2.621,4.461,4.726,3.263,1.423,390,406,311,86,154,48,25,87,72,95,86,85,40,51,M
201,165,344,330,397,443,684,903,1.739,2.571,2.931,3.108,3.603,3.002,2.718,2.007,1.801,2.234,3.568,5.492,7.209,8.318,8.864,9.520,9.637,1.2000,9.673,8.664,7.896,6.345,5.351,4.056,2.563,2.894,3.588,4.296,4.773,4.516,3.765,3.051,1.921,1.184,1.984,1.570,660,1.294,797,52,233,152,125,54,57,137,109,35,56,105,82,36,M
197,394,384,76,251,629,747,578,1.357,1.695,1.734,2.470,3.141,3.297,2.759,2.056,1.162,1.884,3.390,3.926,4.282,5.418,6.448,7.223,7.853,7.984,8.847,9.582,8.990,6.831,6.108,5.480,5.058,4.476,2.401,1.405,1.772,1.742,3.326,4.021,3.009,2.075,1.206,255,298,691,781,777,369,57,91,134,97,42,58,72,41,45,47,54,M
394,420,446,551,597,1.416,956,802,1.618,2.558,3.078,3.404,3.400,3.951,3.352,2.252,2.086,2.248,3.382,4.578,6.474,6.708,7.007,7.619,7.745,6.767,7.373,7.834,9.619,1.2000,8.086,5.558,5.409,4.988,3.108,2.897,2.244,960,2.287,3.228,3.454,3.882,3.240,926,1.173,566,766,969,588,50,118,146,40,114,32,62,101,68,53,87,M
310,221,433,191,964,1.827,1.106,1.702,2.804,4.432,5.222,5.611,5.379,4.048,2.245,1.784,2.297,2.720,5.209,6.898,8.202,8.780,7.600,7.616,7.152,7.288,8.686,9.509,8.348,5.730,4.363,4.289,4.240,3.156,1.287,1.477,2.062,2.400,5.173,5.168,1.491,2.407,3.415,4.494,4.624,2.001,775,1.232,783,89,249,204,59,53,79,37,15,56,67,54,M
423,321,709,108,1.070,973,961,1.323,2.462,2.696,3.412,4.292,3.682,3.940,2.965,3.172,2.825,3.050,2.408,5.420,6.802,6.320,5.824,6.805,5.984,8.412,9.911,9.187,8.005,6.713,5.632,7.332,6.038,2.575,349,1.799,3.039,4.760,5.756,4.254,5.046,7.179,6.163,5.663,5.749,3.593,2.526,2.299,1.271,356,367,176,35,93,121,75,56,21,43,17,M
95,308,539,411,613,1.039,1.016,1.394,2.592,3.745,4.229,4.499,5.404,4.303,3.333,3.496,3.426,2.851,4.062,6.833,7.650,6.670,5.703,5.995,6.484,8.614,9.819,9.380,8.435,6.074,5.403,6.890,5.977,3.244,516,3.157,3.590,3.881,5.716,4.314,3.051,4.393,4.302,4.831,5.084,1.952,1.539,2.037,1.054,251,357,181,19,102,133,40,42,30,31,33,M
96,404,682,688,887,932,955,2.140,2.546,2.952,4.025,5.148,4.901,4.127,3.575,3.447,3.068,2.945,4.351,7.264,8.147,8.103,6.665,6.958,7.748,8.688,1.2000,9.941,8.793,6.482,5.876,6.408,4.972,2.755,300,3.356,3.167,4.133,6.281,4.977,2.613,4.697,4.806,4.921,5.294,2.216,1.401,1.888,947,134,310,237,78,144,170,12,109,36,43,18,M
269,383,505,707,1.313,2.103,2.263,2.524,3.595,5.915,6.675,5.679,5.175,3.334,2.002,2.856,2.937,3.424,5.949,7.526,8.959,8.147,7.109,7.378,7.201,8.254,8.917,9.820,8.179,4.848,3.203,2.775,2.382,2.911,1.675,3.156,1.869,3.391,5.993,4.124,1.181,3.651,4.655,4.777,3.517,920,1.227,1.785,1.085,300,346,167,199,145,81,45,43,27,55,57,M
340,625,381,257,441,1.027,1.287,1.850,2.647,4.117,5.245,5.341,5.554,3.915,2.950,3.075,3.021,2.719,5.443,7.932,8.751,8.667,7.107,6.911,7.287,8.792,1.2000,9.816,8.984,6.048,4.934,5.371,4.586,2.908,774,2.249,1.602,3.958,6.117,5.196,2.321,4.370,3.797,4.322,4.892,1.901,940,1.364,906,144,329,141,19,67,99,42,57,51,33,58,M
209,191,411,321,698,1.579,1.438,1.402,3.048,3.914,3.504,3.669,3.943,3.311,3.331,3.002,2.324,1.381,3.450,4.428,4.890,3.677,4.379,4.864,6.207,7.256,6.624,7.689,7.981,8.577,9.273,7.009,4.851,3.409,1.406,1.147,1.433,1.820,3.605,5.529,5.988,5.077,5.512,5.027,7.034,5.904,4.069,2.761,1.584,510,54,78,201,104,39,31,62,87,70,42,M
368,279,103,566,759,679,970,1.473,2.164,2.544,2.936,2.935,2.657,3.187,2.794,2.534,1.980,1.929,2.826,3.245,3.504,3.324,4.217,4.774,4.808,6.325,8.334,9.458,1.2000,8.425,5.524,4.795,5.200,3.968,1.940,1.519,2.010,1.736,1.029,2.244,3.717,4.449,3.939,2.030,2.010,2.187,1.840,1.477,971,224,151,105,24,18,57,92,9,86,110,52,M
89,274,248,237,224,845,1.488,1.224,1.569,2.119,3.003,3.094,2.743,2.547,1.870,1.452,1.457,2.429,3.259,3.679,3.355,3.100,3.914,5.280,6.409,7.707,8.754,1.2000,9.806,6.969,4.973,5.020,5.359,3.842,1.848,1.149,1.570,1.311,1.583,2.631,3.103,4.512,3.785,1.269,1.459,1.092,1.485,1.385,716,176,199,96,103,93,25,44,21,69,60,18,M
158,239,150,494,988,1.425,1.463,1.219,1.697,1.923,2.361,2.719,3.049,2.986,2.226,1.745,2.459,3.100,3.572,4.283,4.268,3.735,4.585,6.094,7.221,7.595,8.706,1.2000,9.815,7.187,5.848,4.192,3.756,3.263,1.944,1.394,1.670,1.275,1.666,2.574,2.258,2.777,1.613,1.335,1.976,1.234,1.554,1.057,490,97,223,121,108,57,28,79,34,46,22,21,M
156,210,282,596,462,779,1.365,780,1.038,1.567,2.476,2.783,2.896,2.956,3.189,1.892,1.730,2.226,2.427,3.149,4.102,3.808,4.896,6.292,7.519,7.985,8.830,9.915,9.223,6.981,6.167,5.069,3.921,3.524,2.183,1.245,1.592,1.626,2.356,2.483,2.437,2.715,1.184,1.157,1.449,1.883,1.954,1.492,511,155,189,150,60,82,91,38,56,56,48,24,M
315,252,167,479,902,1.057,1.024,1.209,1.241,1.533,2.128,2.536,2.686,2.803,1.886,1.485,2.160,2.417,2.989,3.341,3.786,3.956,5.232,6.913,7.868,8.337,9.199,1.2000,8.990,6.456,5.967,4.355,2.997,2.294,1.866,922,1.829,1.743,2.452,2.407,2.518,3.184,1.685,675,1.186,1.833,1.878,1.114,310,143,138,108,62,44,72,7,54,35,1,55,M
56,267,221,561,936,1.146,706,996,1.673,1.859,2.481,2.712,2.934,2.637,1.880,1.405,2.028,2.613,2.778,3.346,3.830,4.003,5.114,6.860,7.490,7.843,9.021,1.2000,8.888,6.511,6.083,4.463,2.948,1.729,1.488,801,1.770,1.382,2.404,2.046,1.970,2.778,1.377,685,664,1.665,1.807,1.245,516,44,185,72,55,74,68,84,37,24,34,7,M
203,121,380,128,537,874,1.021,852,1.136,1.747,2.198,2.721,2.105,1.727,2.040,1.786,1.318,2.260,2.358,3.107,3.906,3.631,4.809,6.531,7.812,8.395,9.180,9.769,8.937,7.022,6.500,5.069,3.903,3.009,1.565,985,2.200,2.243,2.736,2.152,2.438,3.154,2.112,991,594,1.940,1.937,1.082,336,177,209,134,94,47,45,42,28,36,13,16,M
392,108,267,257,410,491,1.053,1.690,2.105,2.471,2.680,3.049,2.863,2.294,1.165,2.127,2.062,2.222,3.241,4.330,5.071,5.944,7.078,7.641,8.878,9.711,9.880,9.812,9.464,8.542,6.457,3.397,3.828,3.204,1.331,440,1.234,2.030,1.652,1.043,1.066,2.110,2.417,1.631,769,723,912,812,496,101,89,83,80,26,79,42,71,44,22,14,M
129,141,309,375,767,787,662,1.108,1.777,2.245,2.431,3.134,3.206,2.917,2.249,2.347,2.143,2.939,4.898,6.127,7.531,7.718,7.432,8.673,9.308,9.836,1.2000,9.595,8.722,6.862,4.901,3.280,3.115,1.969,1.019,317,756,907,1.066,1.380,665,1.475,2.470,2.788,2.709,2.283,1.818,1.185,546,219,204,124,93,72,19,27,54,17,24,29,M
50,17,270,450,958,830,879,1.220,1.977,2.282,2.521,3.484,3.309,2.614,1.782,2.055,2.298,3.545,6.218,7.265,8.346,8.268,8.366,9.408,9.510,9.801,9.974,1.2000,9.036,6.409,3.857,2.908,2.040,1.653,1.769,1.140,740,941,621,426,572,1.068,1.909,2.229,2.203,2.265,1.766,1.097,558,142,281,165,56,10,27,62,24,63,17,28,M
366,421,504,250,596,252,958,991,1.419,1.847,2.222,2.648,2.508,2.291,1.555,1.863,2.387,3.345,5.233,6.684,7.766,7.928,7.940,9.129,9.498,9.835,1.2000,9.471,8.237,6.252,4.181,3.209,2.658,2.196,1.588,561,948,1.700,1.215,1.282,386,1.329,2.331,2.468,1.960,1.985,1.570,921,549,194,166,132,27,22,59,16,25,17,27,27,M
238,318,422,399,788,766,881,1.143,1.594,2.048,2.652,3.100,2.381,1.918,1.430,1.735,1.781,2.852,5.036,6.166,7.616,8.125,7.793,8.788,8.813,9.470,1.2000,9.739,8.446,6.151,4.302,3.165,2.869,2.017,1.206,271,580,1.262,1.072,1.082,360,1.197,2.061,2.054,1.878,2.047,1.716,1.069,477,170,186,96,71,84,38,26,28,13,35,60,M
116,744,367,225,76,545,1.110,1.069,1.708,2.271,3.171,2.882,2.657,2.307,1.889,1.791,2.298,3.715,6.223,7.260,7.934,8.045,8.067,9.173,9.327,9.562,1.2000,9.818,8.684,6.381,3.997,3.242,2.835,2.413,2.321,1.260,693,701,1.439,1.475,438,469,1.476,1.742,1.555,1.651,1.181,720,321,56,202,141,103,100,34,26,37,44,57,35,M
131,387,329,78,721,1.341,1.626,1.902,2.610,3.193,3.468,3.738,3.055,1.926,1.385,2.122,2.758,4.576,6.487,7.154,8.010,7.924,8.793,1.2000,9.865,9.474,9.474,9.315,8.326,6.213,3.772,2.822,2.042,2.190,2.223,1.327,521,618,1.416,1.460,846,1.055,1.639,1.916,2.085,2.335,1.964,1.300,633,183,137,150,76,32,37,71,40,9,15,85,M
335,258,398,570,529,1.091,1.709,1.684,1.865,2.660,3.188,3.553,3.116,1.965,1.780,2.794,2.870,3.969,5.599,6.936,7.969,7.452,8.203,9.261,8.810,8.814,9.301,9.955,8.576,6.069,3.934,2.464,1.645,1.140,956,80,702,936,894,1.127,873,1.020,1.964,2.256,1.814,2.012,1.688,1.037,501,136,130,120,39,53,62,46,45,22,5,31,M
272,378,488,848,1.127,1.103,1.349,2.337,3.113,3.997,3.941,3.309,2.926,1.760,1.739,2.043,2.088,2.678,2.434,1.839,2.802,6.172,8.015,8.313,8.440,8.494,9.168,1.2000,7.896,5.371,6.472,6.505,4.959,2.175,990,434,1.708,1.979,1.880,1.108,1.702,585,638,1.391,638,581,641,1.044,732,275,146,91,45,43,43,98,54,51,65,103,M
187,346,168,177,393,1.630,2.028,1.694,2.328,2.684,3.108,2.933,2.275,994,1.801,2.200,2.732,2.862,2.034,1.740,4.130,6.879,8.120,8.453,8.919,9.300,9.987,1.2000,8.104,6.199,6.041,5.547,4.160,1.472,849,608,969,1.411,1.676,1.200,1.201,1.036,1.977,1.339,902,1.085,1.521,1.363,858,290,203,116,98,199,33,101,65,115,193,157,M
323,101,298,564,760,958,990,1.018,1.030,2.154,3.085,3.425,2.990,1.402,1.235,1.534,1.901,2.429,2.120,2.395,3.272,5.949,8.302,9.045,9.888,9.912,9.448,1.2000,9.092,7.412,7.691,7.117,5.304,2.131,928,1.297,1.159,1.226,1.768,345,1.562,824,1.149,1.694,954,80,790,1.255,647,179,51,61,93,135,63,63,34,32,62,67,M
522,437,180,292,351,1.171,1.257,1.178,1.258,2.529,2.716,2.374,1.878,983,683,1.503,1.723,2.339,1.962,1.395,3.164,5.888,7.631,8.473,9.424,9.986,9.699,1.2000,8.630,6.979,7.717,7.305,5.197,1.786,1.098,1.446,1.066,1.440,1.929,325,1.490,328,537,1.309,910,757,1.059,1.005,535,235,155,160,29,51,62,89,140,138,77,31,M
303,353,490,608,167,1.354,1.465,1.123,1.945,2.354,2.898,2.812,1.578,273,673,1.444,2.070,2.645,2.828,4.293,5.685,6.990,7.246,7.622,9.242,1.2000,9.979,8.297,7.032,7.141,6.893,4.961,2.584,969,776,364,1.572,1.823,1.349,849,492,1.367,1.552,1.548,1.319,985,1.258,954,489,241,42,86,46,126,36,35,34,79,36,48,M
260,363,136,272,214,338,655,1.400,1.843,2.354,2.720,2.442,1.665,336,1.302,1.708,2.177,3.175,3.714,4.552,5.700,7.397,8.062,8.837,9.432,1.2000,9.375,7.603,7.123,8.358,7.622,4.567,1.715,1.549,1.641,1.869,2.655,1.713,959,768,847,2.076,2.505,1.862,1.439,1.470,991,41,154,116,181,146,129,47,39,61,40,36,61,115,M